category,parameter,current_value,system_default_in_log,current_setup_default_in_log,changed_from_logged_default,unit,px4_group,short_description,source_status
Commander模式/解锁/安全约束,COM_ACT_FAIL_ACT,0,,,,,Commander,Set the actuator failure failsafe mode,metadata
Commander模式/解锁/安全约束,COM_ARMABLE,1,,,,,Commander,Flag to allow arming,metadata
Commander模式/解锁/安全约束,COM_ARM_AUTH_ID,10,,,,,Commander,Arm authorizer system id,metadata
Commander模式/解锁/安全约束,COM_ARM_AUTH_MET,0,,,,,Commander,Arm authorization method,metadata
Commander模式/解锁/安全约束,COM_ARM_AUTH_REQ,0,,,,,Commander,Require arm authorization to arm,metadata
Commander模式/解锁/安全约束,COM_ARM_AUTH_TO,1.0,,,,s,Commander,Arm authorization timeout,metadata
Commander模式/解锁/安全约束,COM_ARM_BAT_MIN,-1.0,,,,norm,Commander,Minimum battery level for arming,metadata
Commander模式/解锁/安全约束,COM_ARM_CHK_ESCS,0,,,,,Commander,Enable checks on ESCs that report telemetry,metadata
Commander模式/解锁/安全约束,COM_ARM_HFLT_CHK,1,,,,,Commander,Enable FMU SD card hardfault detection check,metadata
Commander模式/解锁/安全约束,COM_ARM_IMU_ACC,0.699999988079071,,,,m/s^2,Commander,Maximum accelerometer inconsistency between IMU units that will allow arming,metadata
Commander模式/解锁/安全约束,COM_ARM_IMU_GYR,0.25,,,,rad/s,Commander,Maximum rate gyro inconsistency between IMU units that will allow arming,metadata
Commander模式/解锁/安全约束,COM_ARM_MAG_ANG,60,,,,deg,Commander,Maximum magnetic field inconsistency between units that will allow arming,metadata
Commander模式/解锁/安全约束,COM_ARM_MAG_STR,2,,,,,Commander,Enable mag strength preflight check,metadata
Commander模式/解锁/安全约束,COM_ARM_MIS_REQ,0,,,,,Commander,Require valid mission to arm,metadata
Commander模式/解锁/安全约束,COM_ARM_ODID,0,,,,,Commander,Enable Drone ID system detection and health check,metadata
Commander模式/解锁/安全约束,COM_ARM_SDCARD,1,,,,,Commander,Enable FMU SD card detection check,metadata
Commander模式/解锁/安全约束,COM_ARM_SWISBTN,0,,,,,Commander,Arm switch is a momentary button,metadata
Commander模式/解锁/安全约束,COM_ARM_WO_GPS,1,,,,,Commander,GPS preflight check,metadata
Commander模式/解锁/安全约束,COM_CPU_MAX,95.0,,,,%,Commander,Maximum allowed CPU load to still arm,metadata
Commander模式/解锁/安全约束,COM_DISARM_LAND,2.0,,,,s,Commander,Time-out for auto disarm after landing,metadata
Commander模式/解锁/安全约束,COM_DISARM_MAN,1,,,,,Commander,Allow disarming via switch/stick/button on multicopters in manual thrust modes,metadata
Commander模式/解锁/安全约束,COM_DISARM_PRFLT,10.0,,,,s,Commander,Time-out for auto disarm if not taking off,metadata
Commander模式/解锁/安全约束,COM_DLL_EXCEPT,0,,,,,Commander,Datalink loss exceptions,metadata
Commander模式/解锁/安全约束,COM_DL_LOSS_T,10,,,,s,Commander,GCS connection loss time threshold,metadata
Commander模式/解锁/安全约束,COM_FAIL_ACT_T,5.0,,,,s,Commander,Delay between failsafe condition triggered and failsafe reaction,metadata
Commander模式/解锁/安全约束,COM_FLIGHT_UUID,152,,,,,Commander,Next flight UUID,metadata
Commander模式/解锁/安全约束,COM_FLTMODE1,-1,,,,,Commander,Mode slot 1,metadata
Commander模式/解锁/安全约束,COM_FLTMODE2,-1,,,,,Commander,Mode slot 2,metadata
Commander模式/解锁/安全约束,COM_FLTMODE3,-1,,,,,Commander,Mode slot 3,metadata
Commander模式/解锁/安全约束,COM_FLTMODE4,-1,,,,,Commander,Mode slot 4,metadata
Commander模式/解锁/安全约束,COM_FLTMODE5,-1,,,,,Commander,Mode slot 5,metadata
Commander模式/解锁/安全约束,COM_FLTMODE6,-1,,,,,Commander,Mode slot 6,metadata
Commander模式/解锁/安全约束,COM_FLTT_LOW_ACT,3,,,,,Commander,Remaining flight time low failsafe,metadata
Commander模式/解锁/安全约束,COM_FLT_PROFILE,0,,,,,Commander,User Flight Profile,metadata
Commander模式/解锁/安全约束,COM_FLT_TIME_MAX,-1,,,,s,Commander,Maximum allowed flight time,metadata
Commander模式/解锁/安全约束,COM_FORCE_SAFETY,0,,,,,Commander,Enable force safety,metadata
Commander模式/解锁/安全约束,COM_HLDL_LOSS_T,120,,,,s,Commander,High Latency Datalink loss time threshold,metadata
Commander模式/解锁/安全约束,COM_HLDL_REG_T,0,,,,s,Commander,High Latency Datalink regain time threshold,metadata
Commander模式/解锁/安全约束,COM_HOME_EN,1,,,,,Commander,Home position enabled,metadata
Commander模式/解锁/安全约束,COM_HOME_IN_AIR,0,,,,,Commander,Allows setting the home position after takeoff,metadata
Commander模式/解锁/安全约束,COM_IMB_PROP_ACT,0,,,,,Commander,Imbalanced propeller failsafe mode,metadata
Commander模式/解锁/安全约束,COM_KILL_DISARM,5.0,,,,s,Commander,Timeout value for disarming when kill switch is engaged,metadata
Commander模式/解锁/安全约束,COM_LKDOWN_TKO,3.0,,,,s,Commander,Timeout for detecting a failure after takeoff,metadata
Commander模式/解锁/安全约束,COM_LOW_BAT_ACT,0,,,,,Commander,Battery failsafe mode,metadata
Commander模式/解锁/安全约束,COM_MODE_ARM_CHK,0,,,,,Commander,Allow external mode registration while armed,metadata
Commander模式/解锁/安全约束,COM_MOT_TEST_EN,1,,,,,Commander,Enable Actuator Testing,metadata
Commander模式/解锁/安全约束,COM_OBC_LOSS_T,5.0,,,,s,Commander,Time-out to wait when onboard computer connection is lost before warning about loss connection,metadata
Commander模式/解锁/安全约束,COM_OBL_RC_ACT,0,,,,,Commander,Set offboard loss failsafe mode,metadata
Commander模式/解锁/安全约束,COM_OF_LOSS_T,1.0,,,,s,Commander,Time-out to wait when offboard connection is lost before triggering offboard lost action,metadata
Commander模式/解锁/安全约束,COM_PARACHUTE,0,,,,,Commander,Expect and require a healthy MAVLink parachute system,metadata
Commander模式/解锁/安全约束,COM_POSCTL_NAVL,0,,,,,Commander,Position mode navigation loss response,metadata
Commander模式/解锁/安全约束,COM_POS_FS_EPH,5.0,,,,m,Commander,Horizontal position error threshold for hovering systems,metadata
Commander模式/解锁/安全约束,COM_POS_LOW_ACT,3,,,,,Commander,Low position accuracy action,metadata
Commander模式/解锁/安全约束,COM_POS_LOW_EPH,-1.0,,,,m,Commander,Low position accuracy failsafe threshold,metadata
Commander模式/解锁/安全约束,COM_POWER_COUNT,1,,,,,Commander,Required number of redundant power modules,metadata
Commander模式/解锁/安全约束,COM_PREARM_MODE,0,,,,,Commander,Condition to enter prearmed mode,metadata
Commander模式/解锁/安全约束,COM_QC_ACT,0,,,,,Commander,Set action after a quadchute,metadata
Commander模式/解锁/安全约束,COM_RAM_MAX,95.0,,,,%,Commander,Maximum allowed RAM usage to pass checks,metadata
Commander模式/解锁/安全约束,COM_RCL_EXCEPT,7,,,,,Commander,RC loss exceptions,metadata
Commander模式/解锁/安全约束,COM_RC_ARM_HYST,1000,,,,ms,Commander,RC input arm/disarm command duration,metadata
Commander模式/解锁/安全约束,COM_RC_IN_MODE,1,3,3,yes,,Commander,RC control input mode,metadata
Commander模式/解锁/安全约束,COM_RC_LOSS_T,3.0,0.5,0.5,yes,s,Commander,Manual control loss timeout,metadata
Commander模式/解锁/安全约束,COM_RC_OVERRIDE,1,,,,,Commander,Enable RC stick override of auto and/or offboard modes,metadata
Commander模式/解锁/安全约束,COM_RC_STICK_OV,30.0,,,,%,Commander,RC stick override threshold,metadata
Commander模式/解锁/安全约束,COM_SPOOLUP_TIME,1.0,,,,s,Commander,Enforced delay between arming and further navigation,metadata
Commander模式/解锁/安全约束,COM_TAKEOFF_ACT,0,,,,,Commander,Action after TAKEOFF has been accepted,metadata
Commander模式/解锁/安全约束,COM_THROW_EN,0,,,,,Commander,Enable throw-start,metadata
Commander模式/解锁/安全约束,COM_THROW_SPEED,5.0,,,,m/s,Commander,Minimum speed for the throw start,metadata
Commander模式/解锁/安全约束,COM_VEL_FS_EVH,1.0,,,,m/s,Commander,Horizontal velocity error threshold,metadata
Commander模式/解锁/安全约束,COM_WIND_MAX,-1.0,,,,m/s,Commander,High wind speed failsafe threshold,metadata
Commander模式/解锁/安全约束,COM_WIND_MAX_ACT,0,,,,,Commander,High wind failsafe mode,metadata
Commander模式/解锁/安全约束,COM_WIND_WARN,-1.0,,,,m/s,Commander,Wind speed warning threshold,metadata
VTOL控制参数,VT_B_DEC_I,0.10000000149011612,,,,rad s/m,VTOL Attitude Control,Backtransition deceleration setpoint to pitch I gain,metadata
VTOL控制参数,VT_B_DEC_MSS,2.0,,,,m/s^2,VTOL Attitude Control,Approximate deceleration during back transition,metadata
任务/导航控制约束,MIS_COMMAND_TOUT,0.0,,,,s,Mission,Timeout to allow the payload to execute the mission command,metadata
任务/导航控制约束,MIS_LND_ABRT_ALT,30,,,,m,Mission,Landing abort min altitude,metadata
任务/导航控制约束,MIS_MNT_YAW_CTL,0,,,,,Mission,Enable yaw control of the mount. (Only affects multicopters and ROI mission items),metadata
任务/导航控制约束,MIS_TAKEOFF_ALT,2.5,,,,m,Mission,Default take-off altitude,metadata
任务/导航控制约束,MIS_YAW_ERR,12.0,,,,deg,Mission,Max yaw error in degrees needed for waypoint heading acceptance,metadata
任务/导航控制约束,MIS_YAW_TMT,-1.0,,,,s,Mission,Time in seconds we wait on reaching target heading at a waypoint if it is forced,metadata
任务/导航控制约束,NAV_ACC_RAD,2.0,10.0,,yes,m,Mission,Acceptance Radius,metadata
任务/导航控制约束,NAV_DLL_ACT,0,,,,,Commander,Set GCS connection loss failsafe mode,metadata
任务/导航控制约束,NAV_FORCE_VT,1,,,,,Mission,Force VTOL mode takeoff and land,metadata
任务/导航控制约束,NAV_FW_ALTL_RAD,5.0,,,,m,Mission,FW Altitude Acceptance Radius before a landing,metadata
任务/导航控制约束,NAV_FW_ALT_RAD,10.0,,,,m,Mission,FW Altitude Acceptance Radius,metadata
任务/导航控制约束,NAV_LOITER_RAD,80.0,,,,m,Mission,Loiter radius (FW only),metadata
任务/导航控制约束,NAV_MC_ALT_RAD,0.800000011920929,,,,m,Mission,MC Altitude Acceptance Radius,metadata
任务/导航控制约束,NAV_MIN_GND_DIST,-1.0,,,,m,Mission,Minimum height above ground during Mission and RTL,metadata
任务/导航控制约束,NAV_MIN_LTR_ALT,-1.0,,,,m,Mission,Minimum Loiter altitude,metadata
任务/导航控制约束,NAV_RCL_ACT,2,,,,,Commander,Set RC loss failsafe mode,metadata
任务/导航控制约束,NAV_TRAFF_AVOID,1,,,,,Mission,Set traffic avoidance mode,metadata
任务/导航控制约束,NAV_TRAFF_A_HOR,500.0,,,,m,Mission,Set NAV TRAFFIC AVOID horizontal distance,metadata
任务/导航控制约束,NAV_TRAFF_A_VER,500.0,,,,m,Mission,Set NAV TRAFFIC AVOID vertical distance,metadata
任务/导航控制约束,NAV_TRAFF_COLL_T,60,,,,s,Mission,Estimated time until collision,metadata
固定翼控制参数,FW_AIRSPD_MAX,20.0,,,,m/s,FW Performance,Maximum Airspeed (CAS),metadata
固定翼控制参数,FW_AIRSPD_TRIM,15.0,,,,m/s,FW Performance,Trim (Cruise) Airspeed,metadata
固定翼控制参数,FW_PSP_OFF,0.0,,,,deg,FW Attitude Control,Pitch setpoint offset (pitch at level flight),metadata
固定翼控制参数,FW_T_CLMB_R_SP,3.0,,,,m/s,FW General,Default target climbrate,metadata
固定翼控制参数,FW_T_SINK_R_SP,2.0,,,,m/s,FW General,Default target sinkrate,metadata
地理围栏控制约束,GF_ACTION,2,,,,,Geofence,Geofence violation action,metadata
地理围栏控制约束,GF_MAX_HOR_DIST,0.0,,,,m,Geofence,Max horizontal distance from Home,metadata
地理围栏控制约束,GF_MAX_VER_DIST,0.0,,,,m,Geofence,Max vertical distance from Home,metadata
地理围栏控制约束,GF_PREDICT,0,,,,,Geofence,[EXPERIMENTAL] Use Pre-emptive geofence triggering,metadata
地理围栏控制约束,GF_SOURCE,0,,,,,Geofence,Geofence source,metadata
多旋翼 Acro 控制,MC_ACRO_EXPO,0.0,,,,,Multicopter Acro Mode,"Acro mode roll, pitch expo factor",metadata
多旋翼 Acro 控制,MC_ACRO_EXPO_Y,0.0,,,,,Multicopter Acro Mode,Acro mode yaw expo factor,metadata
多旋翼 Acro 控制,MC_ACRO_P_MAX,100.0,,,,deg/s,Multicopter Acro Mode,Acro mode maximum pitch rate,metadata
多旋翼 Acro 控制,MC_ACRO_R_MAX,100.0,,,,deg/s,Multicopter Acro Mode,Acro mode maximum roll rate,metadata
多旋翼 Acro 控制,MC_ACRO_SUPEXPO,0.0,,,,,Multicopter Acro Mode,"Acro mode roll, pitch super expo factor",metadata
多旋翼 Acro 控制,MC_ACRO_SUPEXPOY,0.0,,,,,Multicopter Acro Mode,Acro mode yaw super expo factor,metadata
多旋翼 Acro 控制,MC_ACRO_Y_MAX,100.0,,,,deg/s,Multicopter Acro Mode,Acro mode maximum yaw rate,metadata
多旋翼位置/速度/轨迹控制,MPC_ACC_DECOUPLE,1,,,,,Multicopter Position Control,Acceleration to tilt coupling,metadata
多旋翼位置/速度/轨迹控制,MPC_ACC_DOWN_MAX,3.0,,,,m/s^2,Multicopter Position Control,Maximum downwards acceleration in climb rate controlled modes,metadata
多旋翼位置/速度/轨迹控制,MPC_ACC_HOR,6.0,3.0,3.0,yes,m/s^2,Multicopter Position Control,Acceleration for autonomous and for manual modes,metadata
多旋翼位置/速度/轨迹控制,MPC_ACC_HOR_MAX,10.0,2.0,2.0,yes,m/s^2,Multicopter Position Control,Maximum horizontal acceleration,metadata
多旋翼位置/速度/轨迹控制,MPC_ACC_UP_MAX,7.0,4.0,4.0,yes,m/s^2,Multicopter Position Control,Maximum upwards acceleration in climb rate controlled modes,metadata
多旋翼位置/速度/轨迹控制,MPC_ALT_MODE,2,,,,,Multicopter Position Control,Altitude reference mode,metadata
多旋翼位置/速度/轨迹控制,MPC_HOLD_DZ,0.10000000149011612,,,,,Multicopter Position Control,Deadzone for sticks in manual piloted modes,metadata
多旋翼位置/速度/轨迹控制,MPC_HOLD_MAX_XY,0.800000011920929,,,,m/s,Multicopter Position Control,Maximum horizontal velocity for which position hold is enabled (use 0 to disable check),metadata
多旋翼位置/速度/轨迹控制,MPC_HOLD_MAX_Z,0.6000000238418579,,,,m/s,Multicopter Position Control,Maximum vertical velocity for which position hold is enabled (use 0 to disable check),metadata
多旋翼位置/速度/轨迹控制,MPC_JERK_AUTO,2.0,4.0,4.0,yes,m/s^3,Multicopter Position Control,Jerk limit in autonomous modes,metadata
多旋翼位置/速度/轨迹控制,MPC_JERK_MAX,12.0,3.0,3.0,yes,m/s^3,Multicopter Position Control,Maximum horizontal and vertical jerk in Position/Altitude mode,metadata
多旋翼位置/速度/轨迹控制,MPC_LAND_ALT1,10.0,,,,m,Multicopter Position Control,Altitude for 1. step of slow landing (descend),metadata
多旋翼位置/速度/轨迹控制,MPC_LAND_ALT2,5.0,,,,m,Multicopter Position Control,Altitude for 2. step of slow landing (landing),metadata
多旋翼位置/速度/轨迹控制,MPC_LAND_ALT3,1.0,,,,m,Multicopter Position Control,Altitude for 3. step of slow landing,metadata
多旋翼位置/速度/轨迹控制,MPC_LAND_CRWL,0.30000001192092896,,,,m/s,Multicopter Position Control,Land crawl descend rate,metadata
多旋翼位置/速度/轨迹控制,MPC_LAND_RADIUS,1000.0,,,,m,Multicopter Position Control,User assisted landing radius,metadata
多旋翼位置/速度/轨迹控制,MPC_LAND_RC_HELP,0,,,,,Multicopter Position Control,Enable nudging based on user input during autonomous land routine,metadata
多旋翼位置/速度/轨迹控制,MPC_LAND_SPEED,0.699999988079071,,,,m/s,Multicopter Position Control,Landing descend rate,metadata
多旋翼位置/速度/轨迹控制,MPC_MANTHR_MIN,0.07999999821186066,,,,norm,Multicopter Position Control,Minimum collective thrust in Stabilized mode,metadata
多旋翼位置/速度/轨迹控制,MPC_MAN_TILT_MAX,60.0,35.0,35.0,yes,deg,Multicopter Position Control,Maximal tilt angle in Stabilized or Altitude mode,metadata
多旋翼位置/速度/轨迹控制,MPC_MAN_Y_MAX,150.0,,,,deg/s,Multicopter Position Control,"Max manual yaw rate for Stabilized, Altitude, Position mode",metadata
多旋翼位置/速度/轨迹控制,MPC_MAN_Y_TAU,0.07999999821186066,,,,s,Multicopter Position Control,Manual yaw rate input filter time constant,metadata
多旋翼位置/速度/轨迹控制,MPC_POS_MODE,4,,,,,Multicopter Position Control,Position/Altitude mode variant,metadata
多旋翼位置/速度/轨迹控制,MPC_THR_CURVE,0,,,,,Multicopter Position Control,Thrust curve mapping in Stabilized Mode,metadata
多旋翼位置/速度/轨迹控制,MPC_THR_HOVER,0.36000001430511475,0.5,0.5,yes,norm,Multicopter Position Control,Vertical thrust required to hover,metadata
多旋翼位置/速度/轨迹控制,MPC_THR_MAX,1.0,,,,norm,Multicopter Position Control,Maximum collective thrust in climb rate controlled modes,metadata
多旋翼位置/速度/轨迹控制,MPC_THR_MIN,0.11999999731779099,,,,norm,Multicopter Position Control,Minimum collective thrust in climb rate controlled modes,metadata
多旋翼位置/速度/轨迹控制,MPC_THR_XY_MARG,0.30000001192092896,,,,norm,Multicopter Position Control,Horizontal thrust margin,metadata
多旋翼位置/速度/轨迹控制,MPC_TILTMAX_AIR,60.0,45.0,45.0,yes,deg,Multicopter Position Control,Maximum tilt angle in air,metadata
多旋翼位置/速度/轨迹控制,MPC_TILTMAX_LND,8.0,12.0,12.0,yes,deg,Multicopter Position Control,Maximum tilt during inital takeoff ramp,metadata
多旋翼位置/速度/轨迹控制,MPC_TKO_RAMP_T,3.0,,,,s,Multicopter Position Control,Smooth takeoff ramp time constant,metadata
多旋翼位置/速度/轨迹控制,MPC_TKO_SPEED,3.0,1.5,1.5,yes,m/s,Multicopter Position Control,Takeoff climb rate,metadata
多旋翼位置/速度/轨迹控制,MPC_USE_HTE,1,,,,,Multicopter Position Control,Use hover thrust estimate for altitude control,metadata
多旋翼位置/速度/轨迹控制,MPC_VELD_LP,5.0,,,,Hz,Multicopter Position Control,Velocity derivative low pass cutoff frequency,metadata
多旋翼位置/速度/轨迹控制,MPC_VEL_LP,0.0,,,,Hz,Multicopter Position Control,Velocity low pass cutoff frequency,metadata
多旋翼位置/速度/轨迹控制,MPC_VEL_MANUAL,3.0,10.0,10.0,yes,m/s,Multicopter Position Control,Maximum horizontal velocity setpoint in Position mode,metadata
多旋翼位置/速度/轨迹控制,MPC_VEL_MAN_BACK,-1.0,,,,m/s,Multicopter Position Control,Maximum backward velocity in Position mode,metadata
多旋翼位置/速度/轨迹控制,MPC_VEL_MAN_SIDE,-1.0,,,,m/s,Multicopter Position Control,Maximum sideways velocity in Position mode,metadata
多旋翼位置/速度/轨迹控制,MPC_VEL_NF_BW,5.0,,,,Hz,Multicopter Position Control,Velocity notch filter bandwidth,metadata
多旋翼位置/速度/轨迹控制,MPC_VEL_NF_FRQ,0.0,,,,Hz,Multicopter Position Control,Velocity notch filter frequency,metadata
多旋翼位置/速度/轨迹控制,MPC_XY_CRUISE,3.0,5.0,5.0,yes,m/s,Multicopter Position Control,Default horizontal velocity in autonomous modes,metadata
多旋翼位置/速度/轨迹控制,MPC_XY_ERR_MAX,2.0,,,,,Multicopter Position Control,Maximum horizontal error allowed by the trajectory generator,metadata
多旋翼位置/速度/轨迹控制,MPC_XY_MAN_EXPO,0.6000000238418579,,,,,Multicopter Position Control,Manual position control stick exponential curve sensitivity,metadata
多旋翼位置/速度/轨迹控制,MPC_XY_P,1.100000023841858,0.949999988079071,0.949999988079071,yes,,Multicopter Position Control,Proportional gain for horizontal position error,metadata
多旋翼位置/速度/轨迹控制,MPC_XY_TRAJ_P,0.5,,,,,Multicopter Position Control,Proportional gain for horizontal trajectory position error,metadata
多旋翼位置/速度/轨迹控制,MPC_XY_VEL_ALL,-10.0,,,,,Multicopter Position Control,Overall Horizontal Velocity Limit,metadata
多旋翼位置/速度/轨迹控制,MPC_XY_VEL_D_ACC,0.20000000298023224,,,,,Multicopter Position Control,Differential gain for horizontal velocity error,metadata
多旋翼位置/速度/轨迹控制,MPC_XY_VEL_I_ACC,0.5,0.4000000059604645,0.4000000059604645,yes,,Multicopter Position Control,Integral gain for horizontal velocity error,metadata
多旋翼位置/速度/轨迹控制,MPC_XY_VEL_MAX,45.0,100.0,100.0,yes,m/s,Multicopter Position Control,Maximum horizontal velocity,metadata
多旋翼位置/速度/轨迹控制,MPC_XY_VEL_P_ACC,2.0,1.7999999523162842,1.7999999523162842,yes,,Multicopter Position Control,Proportional gain for horizontal velocity error,metadata
多旋翼位置/速度/轨迹控制,MPC_YAWRAUTO_ACC,20.0,,,,deg/s^2,Multicopter Attitude Control,Maximum yaw acceleration in autonomous modes,metadata
多旋翼位置/速度/轨迹控制,MPC_YAWRAUTO_MAX,60.0,,,,deg/s,Multicopter Attitude Control,Maximum yaw rate in autonomous modes,metadata
多旋翼位置/速度/轨迹控制,MPC_YAW_EXPO,0.6000000238418579,,,,,Multicopter Position Control,Manual control stick yaw rotation exponential curve,metadata
多旋翼位置/速度/轨迹控制,MPC_YAW_MODE,0,,,,,Mission,Heading behavior in autonomous modes,metadata
多旋翼位置/速度/轨迹控制,MPC_Z_MAN_EXPO,0.6000000238418579,,,,,Multicopter Position Control,Manual control stick vertical exponential curve,metadata
多旋翼位置/速度/轨迹控制,MPC_Z_P,1.0,,,,,Multicopter Position Control,Proportional gain for vertical position error,metadata
多旋翼位置/速度/轨迹控制,MPC_Z_VEL_ALL,-3.0,,,,,Multicopter Position Control,Overall Vertical Velocity Limit,metadata
多旋翼位置/速度/轨迹控制,MPC_Z_VEL_D_ACC,0.0,,,,,Multicopter Position Control,Differential gain for vertical velocity error,metadata
多旋翼位置/速度/轨迹控制,MPC_Z_VEL_I_ACC,2.0,,,,,Multicopter Position Control,Integral gain for vertical velocity error,metadata
多旋翼位置/速度/轨迹控制,MPC_Z_VEL_MAX_DN,20.0,50.0,50.0,yes,m/s,Multicopter Position Control,Maximum descent velocity,metadata
多旋翼位置/速度/轨迹控制,MPC_Z_VEL_MAX_UP,30.0,50.0,50.0,yes,m/s,Multicopter Position Control,Maximum ascent velocity,metadata
多旋翼位置/速度/轨迹控制,MPC_Z_VEL_P_ACC,4.0,,,,,Multicopter Position Control,Proportional gain for vertical velocity error,metadata
多旋翼位置/速度/轨迹控制,MPC_Z_V_AUTO_DN,3.0,1.5,1.5,yes,m/s,Multicopter Position Control,Descent velocity in autonomous modes,metadata
多旋翼位置/速度/轨迹控制,MPC_Z_V_AUTO_UP,5.0,3.0,3.0,yes,m/s,Multicopter Position Control,Ascent velocity in autonomous modes,metadata
多旋翼姿态控制,MC_PITCHRATE_MAX,180.0,220.0,220.0,yes,deg/s,Multicopter Attitude Control,Max pitch rate,metadata
多旋翼姿态控制,MC_PITCH_P,4.5,4.0,4.0,yes,,Multicopter Attitude Control,Pitch P gain,metadata
多旋翼姿态控制,MC_ROLLRATE_MAX,180.0,220.0,220.0,yes,deg/s,Multicopter Attitude Control,Max roll rate,metadata
多旋翼姿态控制,MC_ROLL_P,4.5,4.0,4.0,yes,,Multicopter Attitude Control,Roll P gain,metadata
多旋翼姿态控制,MC_YAWRATE_MAX,90.0,200.0,200.0,yes,deg/s,Multicopter Attitude Control,Max yaw rate,metadata
多旋翼姿态控制,MC_YAW_P,2.0,2.799999952316284,2.799999952316284,yes,,Multicopter Attitude Control,Yaw P gain,metadata
多旋翼姿态控制,MC_YAW_WEIGHT,0.4000000059604645,,,,,Multicopter Attitude Control,Yaw weight,metadata
多旋翼慢速模式控制,MC_SLOW_DEF_HVEL,3.0,,,,m/s,Multicopter Position Slow Mode,Default horizontal velocity limit,metadata
多旋翼慢速模式控制,MC_SLOW_DEF_VVEL,1.0,,,,m/s,Multicopter Position Slow Mode,Default vertical velocity limit,metadata
多旋翼慢速模式控制,MC_SLOW_DEF_YAWR,45.0,,,,deg/s,Multicopter Position Slow Mode,Default yaw rate limit,metadata
多旋翼慢速模式控制,MC_SLOW_MAP_HVEL,0,,,,,Multicopter Position Slow Mode,Manual input mapped to scale horizontal velocity in position slow mode,metadata
多旋翼慢速模式控制,MC_SLOW_MAP_PTCH,0,,,,,Multicopter Position Slow Mode,RC_MAP_AUX{N} to allow for gimbal pitch rate control in position slow mode,metadata
多旋翼慢速模式控制,MC_SLOW_MAP_VVEL,0,,,,,Multicopter Position Slow Mode,Manual input mapped to scale vertical velocity in position slow mode,metadata
多旋翼慢速模式控制,MC_SLOW_MAP_YAWR,0,,,,,Multicopter Position Slow Mode,Manual input mapped to scale yaw rate in position slow mode,metadata
多旋翼慢速模式控制,MC_SLOW_MIN_HVEL,0.30000001192092896,,,,m/s,Multicopter Position Slow Mode,Horizontal velocity lower limit,metadata
多旋翼慢速模式控制,MC_SLOW_MIN_VVEL,0.30000001192092896,,,,m/s,Multicopter Position Slow Mode,Vertical velocity lower limit,metadata
多旋翼慢速模式控制,MC_SLOW_MIN_YAWR,3.0,,,,deg/s,Multicopter Position Slow Mode,Yaw rate lower limit,metadata
多旋翼控制其他,MC_AIRMODE,0,,,,,Mixer Output,Multicopter air-mode,metadata
多旋翼控制其他,MC_MAN_TILT_TAU,0.0,,,,s,Multicopter Position Control,Manual tilt input filter time constant,metadata
多旋翼控制其他,MC_ORBIT_RAD_MAX,1000.0,,,,m,Flight Task Orbit,Maximum radius of orbit,metadata
多旋翼控制其他,MC_ORBIT_YAW_MOD,0,,,,,Flight Task Orbit,Yaw behaviour during orbit flight,metadata
多旋翼自整定,MC_AT_APPLY,1,,,,,Autotune,Controls when to apply the new gains,metadata
多旋翼自整定,MC_AT_EN,1,0,,yes,,Autotune,Multicopter autotune module enable,metadata
多旋翼自整定,MC_AT_RISE_TIME,0.14000000059604645,,,,s,Autotune,Desired angular rate closed-loop rise time,metadata
多旋翼自整定,MC_AT_START,0,,,,,Autotune,Start the autotuning sequence,metadata
多旋翼自整定,MC_AT_SYSID_AMP,0.699999988079071,,,,,Autotune,Amplitude of the injected signal,metadata
多旋翼角速度控制,MC_BAT_SCALE_EN,0,,,,,Multicopter Rate Control,Battery power level scaler,metadata
多旋翼角速度控制,MC_PITCHRATE_D,0.0,0.003000000026077032,0.003000000026077032,yes,,Multicopter Rate Control,Pitch rate D gain,metadata
多旋翼角速度控制,MC_PITCHRATE_FF,0.0,,,,,Multicopter Rate Control,Pitch rate feedforward,metadata
多旋翼角速度控制,MC_PITCHRATE_I,0.11999999731779099,0.20000000298023224,0.20000000298023224,yes,,Multicopter Rate Control,Pitch rate I gain,metadata
多旋翼角速度控制,MC_PITCHRATE_K,1.0,,,,,Multicopter Rate Control,Pitch rate controller gain,metadata
多旋翼角速度控制,MC_PITCHRATE_P,0.10000000149011612,0.15000000596046448,0.15000000596046448,yes,,Multicopter Rate Control,Pitch rate P gain,metadata
多旋翼角速度控制,MC_PR_INT_LIM,0.30000001192092896,,,,,Multicopter Rate Control,Pitch rate integrator limit,metadata
多旋翼角速度控制,MC_ROLLRATE_D,0.0,0.003000000026077032,0.003000000026077032,yes,,Multicopter Rate Control,Roll rate D gain,metadata
多旋翼角速度控制,MC_ROLLRATE_FF,0.0,,,,,Multicopter Rate Control,Roll rate feedforward,metadata
多旋翼角速度控制,MC_ROLLRATE_I,0.11999999731779099,0.20000000298023224,0.20000000298023224,yes,,Multicopter Rate Control,Roll rate I gain,metadata
多旋翼角速度控制,MC_ROLLRATE_K,1.0,,,,,Multicopter Rate Control,Roll rate controller gain,metadata
多旋翼角速度控制,MC_ROLLRATE_P,0.10000000149011612,0.15000000596046448,0.15000000596046448,yes,,Multicopter Rate Control,Roll rate P gain,metadata
多旋翼角速度控制,MC_RR_INT_LIM,0.30000001192092896,,,,,Multicopter Rate Control,Roll rate integrator limit,metadata
多旋翼角速度控制,MC_YAWRATE_D,0.0,,,,,Multicopter Rate Control,Yaw rate D gain,metadata
多旋翼角速度控制,MC_YAWRATE_FF,0.0,,,,,Multicopter Rate Control,Yaw rate feedforward,metadata
多旋翼角速度控制,MC_YAWRATE_I,0.10000000149011612,,,,,Multicopter Rate Control,Yaw rate I gain,metadata
多旋翼角速度控制,MC_YAWRATE_K,1.0,,,,,Multicopter Rate Control,Yaw rate controller gain,metadata
多旋翼角速度控制,MC_YAWRATE_P,0.20000000298023224,,,,,Multicopter Rate Control,Yaw rate P gain,metadata
多旋翼角速度控制,MC_YAW_TQ_CUTOFF,2.0,,,,Hz,Multicopter Rate Control,Low pass filter cutoff frequency for yaw torque setpoint,metadata
多旋翼角速度控制,MC_YR_INT_LIM,0.30000001192092896,,,,,Multicopter Rate Control,Yaw rate integrator limit,metadata
安全断路器,CBRK_BUZZER,0,,,,,Circuit Breaker,Circuit breaker for disabling buzzer,metadata
安全断路器,CBRK_FLIGHTTERM,121212,,,,,Circuit Breaker,Circuit breaker for flight termination,metadata
安全断路器,CBRK_IO_SAFETY,22027,,,,,Circuit Breaker,Circuit breaker for IO safety,metadata
安全断路器,CBRK_SUPPLY_CHK,0,,,,,Circuit Breaker,Circuit breaker for power supply check,metadata
安全断路器,CBRK_USB_CHK,197848,,,,,Circuit Breaker,Circuit breaker for USB link check,metadata
安全断路器,CBRK_VTOLARMING,0,,,,,Circuit Breaker,Circuit breaker for arming in fixed-wing mode check,metadata
执行器/电机输出,DSHOT_3D_DEAD_H,1000,,,,,DShot,DSHOT 3D deadband high,metadata
执行器/电机输出,DSHOT_3D_DEAD_L,1000,,,,,DShot,DSHOT 3D deadband low,metadata
执行器/电机输出,DSHOT_3D_ENABLE,0,,,,,DShot,Allows for 3d mode when using DShot and suitable mixer,metadata
执行器/电机输出,DSHOT_BIDIR_EN,0,,,,,DShot,Enable bidirectional DShot,metadata
执行器/电机输出,DSHOT_MIN,0.054999999701976776,,,,%,DShot,Minimum DShot Motor Output,metadata
执行器/电机输出,DSHOT_TEL_CFG,0,,,,,DShot,Serial Configuration for DShot Driver,metadata
执行器/电机输出,MOT_POLE_COUNT,14,,,,,DShot,Number of magnetic poles of the motors,metadata
执行器/电机输出,PWM_LEVEL_CONT,0,,,,,PWM Outputs,Control PWM output voltage,metadata
执行器/电机输出,PWM_MAIN_DIS1,1000,,,,,Actuator Outputs,PWM Main 1 Disarmed Value,metadata
执行器/电机输出,PWM_MAIN_DIS10,1000,,,,,Actuator Outputs,PWM Capture 2 Disarmed Value,metadata
执行器/电机输出,PWM_MAIN_DIS11,1000,,,,,Actuator Outputs,PWM Capture 3 Disarmed Value,metadata
执行器/电机输出,PWM_MAIN_DIS12,1000,,,,,Actuator Outputs,PWM Capture 4 Disarmed Value,metadata
执行器/电机输出,PWM_MAIN_DIS13,1000,,,,,Actuator Outputs,PWM Capture 5 Disarmed Value,metadata
执行器/电机输出,PWM_MAIN_DIS14,1000,,,,,Actuator Outputs,PWM Capture 6 Disarmed Value,metadata
执行器/电机输出,PWM_MAIN_DIS2,1000,,,,,Actuator Outputs,PWM Main 2 Disarmed Value,metadata
执行器/电机输出,PWM_MAIN_DIS3,1000,,,,,Actuator Outputs,PWM Main 3 Disarmed Value,metadata
执行器/电机输出,PWM_MAIN_DIS4,1000,,,,,Actuator Outputs,PWM Main 4 Disarmed Value,metadata
执行器/电机输出,PWM_MAIN_DIS5,1000,,,,,Actuator Outputs,PWM Main 5 Disarmed Value,metadata
执行器/电机输出,PWM_MAIN_DIS6,1000,,,,,Actuator Outputs,PWM Main 6 Disarmed Value,metadata
执行器/电机输出,PWM_MAIN_DIS7,1000,,,,,Actuator Outputs,PWM Main 7 Disarmed Value,metadata
执行器/电机输出,PWM_MAIN_DIS8,1000,,,,,Actuator Outputs,PWM Main 8 Disarmed Value,metadata
执行器/电机输出,PWM_MAIN_DIS9,1000,,,,,Actuator Outputs,PWM Capture 1 Disarmed Value,metadata
执行器/电机输出,PWM_MAIN_FAIL1,-1,,,,,Actuator Outputs,PWM Main 1 Failsafe Value,metadata
执行器/电机输出,PWM_MAIN_FAIL10,-1,,,,,Actuator Outputs,PWM Capture 2 Failsafe Value,metadata
执行器/电机输出,PWM_MAIN_FAIL11,-1,,,,,Actuator Outputs,PWM Capture 3 Failsafe Value,metadata
执行器/电机输出,PWM_MAIN_FAIL12,-1,,,,,Actuator Outputs,PWM Capture 4 Failsafe Value,metadata
执行器/电机输出,PWM_MAIN_FAIL13,-1,,,,,Actuator Outputs,PWM Capture 5 Failsafe Value,metadata
执行器/电机输出,PWM_MAIN_FAIL14,-1,,,,,Actuator Outputs,PWM Capture 6 Failsafe Value,metadata
执行器/电机输出,PWM_MAIN_FAIL2,-1,,,,,Actuator Outputs,PWM Main 2 Failsafe Value,metadata
执行器/电机输出,PWM_MAIN_FAIL3,-1,,,,,Actuator Outputs,PWM Main 3 Failsafe Value,metadata
执行器/电机输出,PWM_MAIN_FAIL4,-1,,,,,Actuator Outputs,PWM Main 4 Failsafe Value,metadata
执行器/电机输出,PWM_MAIN_FAIL5,-1,,,,,Actuator Outputs,PWM Main 5 Failsafe Value,metadata
执行器/电机输出,PWM_MAIN_FAIL6,-1,,,,,Actuator Outputs,PWM Main 6 Failsafe Value,metadata
执行器/电机输出,PWM_MAIN_FAIL7,-1,,,,,Actuator Outputs,PWM Main 7 Failsafe Value,metadata
执行器/电机输出,PWM_MAIN_FAIL8,-1,,,,,Actuator Outputs,PWM Main 8 Failsafe Value,metadata
执行器/电机输出,PWM_MAIN_FAIL9,-1,,,,,Actuator Outputs,PWM Capture 1 Failsafe Value,metadata
执行器/电机输出,PWM_MAIN_FUNC1,101,0,0,yes,,Actuator Outputs,PWM Main 1 Output Function,metadata
执行器/电机输出,PWM_MAIN_FUNC10,0,,,,,Actuator Outputs,PWM Capture 2 Output Function,metadata
执行器/电机输出,PWM_MAIN_FUNC11,0,,,,,Actuator Outputs,PWM Capture 3 Output Function,metadata
执行器/电机输出,PWM_MAIN_FUNC12,0,,,,,Actuator Outputs,PWM Capture 4 Output Function,metadata
执行器/电机输出,PWM_MAIN_FUNC13,0,,,,,Actuator Outputs,PWM Capture 5 Output Function,metadata
执行器/电机输出,PWM_MAIN_FUNC14,0,,,,,Actuator Outputs,PWM Capture 6 Output Function,metadata
执行器/电机输出,PWM_MAIN_FUNC2,102,0,0,yes,,Actuator Outputs,PWM Main 2 Output Function,metadata
执行器/电机输出,PWM_MAIN_FUNC3,103,0,0,yes,,Actuator Outputs,PWM Main 3 Output Function,metadata
执行器/电机输出,PWM_MAIN_FUNC4,104,0,0,yes,,Actuator Outputs,PWM Main 4 Output Function,metadata
执行器/电机输出,PWM_MAIN_FUNC5,0,,,,,Actuator Outputs,PWM Main 5 Output Function,metadata
执行器/电机输出,PWM_MAIN_FUNC6,0,,,,,Actuator Outputs,PWM Main 6 Output Function,metadata
执行器/电机输出,PWM_MAIN_FUNC7,0,,,,,Actuator Outputs,PWM Main 7 Output Function,metadata
执行器/电机输出,PWM_MAIN_FUNC8,0,,,,,Actuator Outputs,PWM Main 8 Output Function,metadata
执行器/电机输出,PWM_MAIN_FUNC9,0,,,,,Actuator Outputs,PWM Capture 1 Output Function,metadata
执行器/电机输出,PWM_MAIN_MAX1,1900,2000,2000,yes,,Actuator Outputs,PWM Main 1 Maximum Value,metadata
执行器/电机输出,PWM_MAIN_MAX10,2000,,,,,Actuator Outputs,PWM Capture 2 Maximum Value,metadata
执行器/电机输出,PWM_MAIN_MAX11,2000,,,,,Actuator Outputs,PWM Capture 3 Maximum Value,metadata
执行器/电机输出,PWM_MAIN_MAX12,2000,,,,,Actuator Outputs,PWM Capture 4 Maximum Value,metadata
执行器/电机输出,PWM_MAIN_MAX13,2000,,,,,Actuator Outputs,PWM Capture 5 Maximum Value,metadata
执行器/电机输出,PWM_MAIN_MAX14,2000,,,,,Actuator Outputs,PWM Capture 6 Maximum Value,metadata
执行器/电机输出,PWM_MAIN_MAX2,1900,2000,2000,yes,,Actuator Outputs,PWM Main 2 Maximum Value,metadata
执行器/电机输出,PWM_MAIN_MAX3,1900,2000,2000,yes,,Actuator Outputs,PWM Main 3 Maximum Value,metadata
执行器/电机输出,PWM_MAIN_MAX4,1900,2000,2000,yes,,Actuator Outputs,PWM Main 4 Maximum Value,metadata
执行器/电机输出,PWM_MAIN_MAX5,2000,,,,,Actuator Outputs,PWM Main 5 Maximum Value,metadata
执行器/电机输出,PWM_MAIN_MAX6,2000,,,,,Actuator Outputs,PWM Main 6 Maximum Value,metadata
执行器/电机输出,PWM_MAIN_MAX7,2000,,,,,Actuator Outputs,PWM Main 7 Maximum Value,metadata
执行器/电机输出,PWM_MAIN_MAX8,2000,,,,,Actuator Outputs,PWM Main 8 Maximum Value,metadata
执行器/电机输出,PWM_MAIN_MAX9,2000,,,,,Actuator Outputs,PWM Capture 1 Maximum Value,metadata
执行器/电机输出,PWM_MAIN_MIN1,1100,1000,1000,yes,,Actuator Outputs,PWM Main 1 Minimum Value,metadata
执行器/电机输出,PWM_MAIN_MIN10,1000,,,,,Actuator Outputs,PWM Capture 2 Minimum Value,metadata
执行器/电机输出,PWM_MAIN_MIN11,1000,,,,,Actuator Outputs,PWM Capture 3 Minimum Value,metadata
执行器/电机输出,PWM_MAIN_MIN12,1000,,,,,Actuator Outputs,PWM Capture 4 Minimum Value,metadata
执行器/电机输出,PWM_MAIN_MIN13,1000,,,,,Actuator Outputs,PWM Capture 5 Minimum Value,metadata
执行器/电机输出,PWM_MAIN_MIN14,1000,,,,,Actuator Outputs,PWM Capture 6 Minimum Value,metadata
执行器/电机输出,PWM_MAIN_MIN2,1100,1000,1000,yes,,Actuator Outputs,PWM Main 2 Minimum Value,metadata
执行器/电机输出,PWM_MAIN_MIN3,1100,1000,1000,yes,,Actuator Outputs,PWM Main 3 Minimum Value,metadata
执行器/电机输出,PWM_MAIN_MIN4,1100,1000,1000,yes,,Actuator Outputs,PWM Main 4 Minimum Value,metadata
执行器/电机输出,PWM_MAIN_MIN5,1000,,,,,Actuator Outputs,PWM Main 5 Minimum Value,metadata
执行器/电机输出,PWM_MAIN_MIN6,1000,,,,,Actuator Outputs,PWM Main 6 Minimum Value,metadata
执行器/电机输出,PWM_MAIN_MIN7,1000,,,,,Actuator Outputs,PWM Main 7 Minimum Value,metadata
执行器/电机输出,PWM_MAIN_MIN8,1000,,,,,Actuator Outputs,PWM Main 8 Minimum Value,metadata
执行器/电机输出,PWM_MAIN_MIN9,1000,,,,,Actuator Outputs,PWM Capture 1 Minimum Value,metadata
执行器/电机输出,PWM_MAIN_REV,0,,,,,Actuator Outputs,Reverse Output Range for PWM MAIN,metadata
执行器/电机输出,PWM_MAIN_TIM0,-4,400,400,yes,,Actuator Outputs,Output Protocol Configuration for PWM Main 1-4,metadata
执行器/电机输出,PWM_MAIN_TIM1,400,,,,,Actuator Outputs,Output Protocol Configuration for PWM Main 5-6,metadata
执行器/电机输出,PWM_MAIN_TIM2,400,,,,,Actuator Outputs,Output Protocol Configuration for PWM Main 7-8,metadata
执行器/电机输出,PWM_MAIN_TIM3,400,,,,,Actuator Outputs,Output Protocol Configuration for PWM Capture 1-3,metadata
执行器/电机输出,PWM_MAIN_TIM4,400,,,,,Actuator Outputs,Output Protocol Configuration for PWM Capture 4,metadata
执行器/电机输出,PWM_MAIN_TIM5,400,,,,,Actuator Outputs,Output Protocol Configuration for PWM Capture 5-6,metadata
控制分配/机架几何,CA_AIRFRAME,0,,,,,Geometry,Airframe selection,metadata
控制分配/机架几何,CA_FAILURE_MODE,0,,,,,Geometry,Motor failure handling mode,metadata
控制分配/机架几何,CA_METHOD,2,,,,,Geometry,Control allocation method,metadata
控制分配/机架几何,CA_R0_SLEW,0.0,,,,s,Geometry,Motor 0 slew rate limit,metadata
控制分配/机架几何,CA_R10_SLEW,0.0,,,,s,Geometry,Motor 10 slew rate limit,metadata
控制分配/机架几何,CA_R11_SLEW,0.0,,,,s,Geometry,Motor 11 slew rate limit,metadata
控制分配/机架几何,CA_R1_SLEW,0.0,,,,s,Geometry,Motor 1 slew rate limit,metadata
控制分配/机架几何,CA_R2_SLEW,0.0,,,,s,Geometry,Motor 2 slew rate limit,metadata
控制分配/机架几何,CA_R3_SLEW,0.0,,,,s,Geometry,Motor 3 slew rate limit,metadata
控制分配/机架几何,CA_R4_SLEW,0.0,,,,s,Geometry,Motor 4 slew rate limit,metadata
控制分配/机架几何,CA_R5_SLEW,0.0,,,,s,Geometry,Motor 5 slew rate limit,metadata
控制分配/机架几何,CA_R6_SLEW,0.0,,,,s,Geometry,Motor 6 slew rate limit,metadata
控制分配/机架几何,CA_R7_SLEW,0.0,,,,s,Geometry,Motor 7 slew rate limit,metadata
控制分配/机架几何,CA_R8_SLEW,0.0,,,,s,Geometry,Motor 8 slew rate limit,metadata
控制分配/机架几何,CA_R9_SLEW,0.0,,,,s,Geometry,Motor 9 slew rate limit,metadata
控制分配/机架几何,CA_ROTOR0_AX,0.0,,,,,Geometry,"Axis of rotor 0 thrust vector, X body axis component",metadata
控制分配/机架几何,CA_ROTOR0_AY,0.0,,,,,Geometry,"Axis of rotor 0 thrust vector, Y body axis component",metadata
控制分配/机架几何,CA_ROTOR0_AZ,-1.0,,,,,Geometry,"Axis of rotor 0 thrust vector, Z body axis component",metadata
控制分配/机架几何,CA_ROTOR0_CT,6.5,,,,,Geometry,Thrust coefficient of rotor 0,metadata
控制分配/机架几何,CA_ROTOR0_KM,0.05000000074505806,,,,,Geometry,Moment coefficient of rotor 0,metadata
控制分配/机架几何,CA_ROTOR0_PX,1.0,0.0,,yes,m,Geometry,Position of rotor 0 along X body axis relative to center of gravity,metadata
控制分配/机架几何,CA_ROTOR0_PY,1.0,0.0,,yes,m,Geometry,Position of rotor 0 along Y body axis relative to center of gravity,metadata
控制分配/机架几何,CA_ROTOR0_PZ,0.0,,,,m,Geometry,Position of rotor 0 along Z body axis relative to center of gravity,metadata
控制分配/机架几何,CA_ROTOR10_AX,0.0,,,,,Geometry,"Axis of rotor 10 thrust vector, X body axis component",metadata
控制分配/机架几何,CA_ROTOR10_AY,0.0,,,,,Geometry,"Axis of rotor 10 thrust vector, Y body axis component",metadata
控制分配/机架几何,CA_ROTOR10_AZ,-1.0,,,,,Geometry,"Axis of rotor 10 thrust vector, Z body axis component",metadata
控制分配/机架几何,CA_ROTOR10_CT,6.5,,,,,Geometry,Thrust coefficient of rotor 10,metadata
控制分配/机架几何,CA_ROTOR10_KM,0.05000000074505806,,,,,Geometry,Moment coefficient of rotor 10,metadata
控制分配/机架几何,CA_ROTOR10_PX,0.0,,,,m,Geometry,Position of rotor 10 along X body axis relative to center of gravity,metadata
控制分配/机架几何,CA_ROTOR10_PY,0.0,,,,m,Geometry,Position of rotor 10 along Y body axis relative to center of gravity,metadata
控制分配/机架几何,CA_ROTOR10_PZ,0.0,,,,m,Geometry,Position of rotor 10 along Z body axis relative to center of gravity,metadata
控制分配/机架几何,CA_ROTOR11_AX,0.0,,,,,Geometry,"Axis of rotor 11 thrust vector, X body axis component",metadata
控制分配/机架几何,CA_ROTOR11_AY,0.0,,,,,Geometry,"Axis of rotor 11 thrust vector, Y body axis component",metadata
控制分配/机架几何,CA_ROTOR11_AZ,-1.0,,,,,Geometry,"Axis of rotor 11 thrust vector, Z body axis component",metadata
控制分配/机架几何,CA_ROTOR11_CT,6.5,,,,,Geometry,Thrust coefficient of rotor 11,metadata
控制分配/机架几何,CA_ROTOR11_KM,0.05000000074505806,,,,,Geometry,Moment coefficient of rotor 11,metadata
控制分配/机架几何,CA_ROTOR11_PX,0.0,,,,m,Geometry,Position of rotor 11 along X body axis relative to center of gravity,metadata
控制分配/机架几何,CA_ROTOR11_PY,0.0,,,,m,Geometry,Position of rotor 11 along Y body axis relative to center of gravity,metadata
控制分配/机架几何,CA_ROTOR11_PZ,0.0,,,,m,Geometry,Position of rotor 11 along Z body axis relative to center of gravity,metadata
控制分配/机架几何,CA_ROTOR1_AX,0.0,,,,,Geometry,"Axis of rotor 1 thrust vector, X body axis component",metadata
控制分配/机架几何,CA_ROTOR1_AY,0.0,,,,,Geometry,"Axis of rotor 1 thrust vector, Y body axis component",metadata
控制分配/机架几何,CA_ROTOR1_AZ,-1.0,,,,,Geometry,"Axis of rotor 1 thrust vector, Z body axis component",metadata
控制分配/机架几何,CA_ROTOR1_CT,6.5,,,,,Geometry,Thrust coefficient of rotor 1,metadata
控制分配/机架几何,CA_ROTOR1_KM,0.05000000074505806,,,,,Geometry,Moment coefficient of rotor 1,metadata
控制分配/机架几何,CA_ROTOR1_PX,-1.0,0.0,,yes,m,Geometry,Position of rotor 1 along X body axis relative to center of gravity,metadata
控制分配/机架几何,CA_ROTOR1_PY,-1.0,0.0,,yes,m,Geometry,Position of rotor 1 along Y body axis relative to center of gravity,metadata
控制分配/机架几何,CA_ROTOR1_PZ,0.0,,,,m,Geometry,Position of rotor 1 along Z body axis relative to center of gravity,metadata
控制分配/机架几何,CA_ROTOR2_AX,0.0,,,,,Geometry,"Axis of rotor 2 thrust vector, X body axis component",metadata
控制分配/机架几何,CA_ROTOR2_AY,0.0,,,,,Geometry,"Axis of rotor 2 thrust vector, Y body axis component",metadata
控制分配/机架几何,CA_ROTOR2_AZ,-1.0,,,,,Geometry,"Axis of rotor 2 thrust vector, Z body axis component",metadata
控制分配/机架几何,CA_ROTOR2_CT,6.5,,,,,Geometry,Thrust coefficient of rotor 2,metadata
控制分配/机架几何,CA_ROTOR2_KM,-0.05000000074505806,0.05000000074505806,,yes,,Geometry,Moment coefficient of rotor 2,metadata
控制分配/机架几何,CA_ROTOR2_PX,1.0,0.0,,yes,m,Geometry,Position of rotor 2 along X body axis relative to center of gravity,metadata
控制分配/机架几何,CA_ROTOR2_PY,-1.0,0.0,,yes,m,Geometry,Position of rotor 2 along Y body axis relative to center of gravity,metadata
控制分配/机架几何,CA_ROTOR2_PZ,0.0,,,,m,Geometry,Position of rotor 2 along Z body axis relative to center of gravity,metadata
控制分配/机架几何,CA_ROTOR3_AX,0.0,,,,,Geometry,"Axis of rotor 3 thrust vector, X body axis component",metadata
控制分配/机架几何,CA_ROTOR3_AY,0.0,,,,,Geometry,"Axis of rotor 3 thrust vector, Y body axis component",metadata
控制分配/机架几何,CA_ROTOR3_AZ,-1.0,,,,,Geometry,"Axis of rotor 3 thrust vector, Z body axis component",metadata
控制分配/机架几何,CA_ROTOR3_CT,6.5,,,,,Geometry,Thrust coefficient of rotor 3,metadata
控制分配/机架几何,CA_ROTOR3_KM,-0.05000000074505806,0.05000000074505806,,yes,,Geometry,Moment coefficient of rotor 3,metadata
控制分配/机架几何,CA_ROTOR3_PX,-1.0,0.0,,yes,m,Geometry,Position of rotor 3 along X body axis relative to center of gravity,metadata
控制分配/机架几何,CA_ROTOR3_PY,1.0,0.0,,yes,m,Geometry,Position of rotor 3 along Y body axis relative to center of gravity,metadata
控制分配/机架几何,CA_ROTOR3_PZ,0.0,,,,m,Geometry,Position of rotor 3 along Z body axis relative to center of gravity,metadata
控制分配/机架几何,CA_ROTOR4_AX,0.0,,,,,Geometry,"Axis of rotor 4 thrust vector, X body axis component",metadata
控制分配/机架几何,CA_ROTOR4_AY,0.0,,,,,Geometry,"Axis of rotor 4 thrust vector, Y body axis component",metadata
控制分配/机架几何,CA_ROTOR4_AZ,-1.0,,,,,Geometry,"Axis of rotor 4 thrust vector, Z body axis component",metadata
控制分配/机架几何,CA_ROTOR4_CT,6.5,,,,,Geometry,Thrust coefficient of rotor 4,metadata
控制分配/机架几何,CA_ROTOR4_KM,0.05000000074505806,,,,,Geometry,Moment coefficient of rotor 4,metadata
控制分配/机架几何,CA_ROTOR4_PX,0.0,,,,m,Geometry,Position of rotor 4 along X body axis relative to center of gravity,metadata
控制分配/机架几何,CA_ROTOR4_PY,0.0,,,,m,Geometry,Position of rotor 4 along Y body axis relative to center of gravity,metadata
控制分配/机架几何,CA_ROTOR4_PZ,0.0,,,,m,Geometry,Position of rotor 4 along Z body axis relative to center of gravity,metadata
控制分配/机架几何,CA_ROTOR5_AX,0.0,,,,,Geometry,"Axis of rotor 5 thrust vector, X body axis component",metadata
控制分配/机架几何,CA_ROTOR5_AY,0.0,,,,,Geometry,"Axis of rotor 5 thrust vector, Y body axis component",metadata
控制分配/机架几何,CA_ROTOR5_AZ,-1.0,,,,,Geometry,"Axis of rotor 5 thrust vector, Z body axis component",metadata
控制分配/机架几何,CA_ROTOR5_CT,6.5,,,,,Geometry,Thrust coefficient of rotor 5,metadata
控制分配/机架几何,CA_ROTOR5_KM,0.05000000074505806,,,,,Geometry,Moment coefficient of rotor 5,metadata
控制分配/机架几何,CA_ROTOR5_PX,0.0,,,,m,Geometry,Position of rotor 5 along X body axis relative to center of gravity,metadata
控制分配/机架几何,CA_ROTOR5_PY,0.0,,,,m,Geometry,Position of rotor 5 along Y body axis relative to center of gravity,metadata
控制分配/机架几何,CA_ROTOR5_PZ,0.0,,,,m,Geometry,Position of rotor 5 along Z body axis relative to center of gravity,metadata
控制分配/机架几何,CA_ROTOR6_AX,0.0,,,,,Geometry,"Axis of rotor 6 thrust vector, X body axis component",metadata
控制分配/机架几何,CA_ROTOR6_AY,0.0,,,,,Geometry,"Axis of rotor 6 thrust vector, Y body axis component",metadata
控制分配/机架几何,CA_ROTOR6_AZ,-1.0,,,,,Geometry,"Axis of rotor 6 thrust vector, Z body axis component",metadata
控制分配/机架几何,CA_ROTOR6_CT,6.5,,,,,Geometry,Thrust coefficient of rotor 6,metadata
控制分配/机架几何,CA_ROTOR6_KM,0.05000000074505806,,,,,Geometry,Moment coefficient of rotor 6,metadata
控制分配/机架几何,CA_ROTOR6_PX,0.0,,,,m,Geometry,Position of rotor 6 along X body axis relative to center of gravity,metadata
控制分配/机架几何,CA_ROTOR6_PY,0.0,,,,m,Geometry,Position of rotor 6 along Y body axis relative to center of gravity,metadata
控制分配/机架几何,CA_ROTOR6_PZ,0.0,,,,m,Geometry,Position of rotor 6 along Z body axis relative to center of gravity,metadata
控制分配/机架几何,CA_ROTOR7_AX,0.0,,,,,Geometry,"Axis of rotor 7 thrust vector, X body axis component",metadata
控制分配/机架几何,CA_ROTOR7_AY,0.0,,,,,Geometry,"Axis of rotor 7 thrust vector, Y body axis component",metadata
控制分配/机架几何,CA_ROTOR7_AZ,-1.0,,,,,Geometry,"Axis of rotor 7 thrust vector, Z body axis component",metadata
控制分配/机架几何,CA_ROTOR7_CT,6.5,,,,,Geometry,Thrust coefficient of rotor 7,metadata
控制分配/机架几何,CA_ROTOR7_KM,0.05000000074505806,,,,,Geometry,Moment coefficient of rotor 7,metadata
控制分配/机架几何,CA_ROTOR7_PX,0.0,,,,m,Geometry,Position of rotor 7 along X body axis relative to center of gravity,metadata
控制分配/机架几何,CA_ROTOR7_PY,0.0,,,,m,Geometry,Position of rotor 7 along Y body axis relative to center of gravity,metadata
控制分配/机架几何,CA_ROTOR7_PZ,0.0,,,,m,Geometry,Position of rotor 7 along Z body axis relative to center of gravity,metadata
控制分配/机架几何,CA_ROTOR8_AX,0.0,,,,,Geometry,"Axis of rotor 8 thrust vector, X body axis component",metadata
控制分配/机架几何,CA_ROTOR8_AY,0.0,,,,,Geometry,"Axis of rotor 8 thrust vector, Y body axis component",metadata
控制分配/机架几何,CA_ROTOR8_AZ,-1.0,,,,,Geometry,"Axis of rotor 8 thrust vector, Z body axis component",metadata
控制分配/机架几何,CA_ROTOR8_CT,6.5,,,,,Geometry,Thrust coefficient of rotor 8,metadata
控制分配/机架几何,CA_ROTOR8_KM,0.05000000074505806,,,,,Geometry,Moment coefficient of rotor 8,metadata
控制分配/机架几何,CA_ROTOR8_PX,0.0,,,,m,Geometry,Position of rotor 8 along X body axis relative to center of gravity,metadata
控制分配/机架几何,CA_ROTOR8_PY,0.0,,,,m,Geometry,Position of rotor 8 along Y body axis relative to center of gravity,metadata
控制分配/机架几何,CA_ROTOR8_PZ,0.0,,,,m,Geometry,Position of rotor 8 along Z body axis relative to center of gravity,metadata
控制分配/机架几何,CA_ROTOR9_AX,0.0,,,,,Geometry,"Axis of rotor 9 thrust vector, X body axis component",metadata
控制分配/机架几何,CA_ROTOR9_AY,0.0,,,,,Geometry,"Axis of rotor 9 thrust vector, Y body axis component",metadata
控制分配/机架几何,CA_ROTOR9_AZ,-1.0,,,,,Geometry,"Axis of rotor 9 thrust vector, Z body axis component",metadata
控制分配/机架几何,CA_ROTOR9_CT,6.5,,,,,Geometry,Thrust coefficient of rotor 9,metadata
控制分配/机架几何,CA_ROTOR9_KM,0.05000000074505806,,,,,Geometry,Moment coefficient of rotor 9,metadata
控制分配/机架几何,CA_ROTOR9_PX,0.0,,,,m,Geometry,Position of rotor 9 along X body axis relative to center of gravity,metadata
控制分配/机架几何,CA_ROTOR9_PY,0.0,,,,m,Geometry,Position of rotor 9 along Y body axis relative to center of gravity,metadata
控制分配/机架几何,CA_ROTOR9_PZ,0.0,,,,m,Geometry,Position of rotor 9 along Z body axis relative to center of gravity,metadata
控制分配/机架几何,CA_ROTOR_COUNT,4,0,,yes,,Geometry,Total number of rotors,metadata
控制分配/机架几何,CA_R_REV,0,,,,,Geometry,Bidirectional/Reversible motors,metadata
控制分配/机架几何,CA_SV0_SLEW,0.0,,,,s,Geometry,Servo 0 slew rate limit,metadata
控制分配/机架几何,CA_SV1_SLEW,0.0,,,,s,Geometry,Servo 1 slew rate limit,metadata
控制分配/机架几何,CA_SV2_SLEW,0.0,,,,s,Geometry,Servo 2 slew rate limit,metadata
控制分配/机架几何,CA_SV3_SLEW,0.0,,,,s,Geometry,Servo 3 slew rate limit,metadata
控制分配/机架几何,CA_SV4_SLEW,0.0,,,,s,Geometry,Servo 4 slew rate limit,metadata
控制分配/机架几何,CA_SV5_SLEW,0.0,,,,s,Geometry,Servo 5 slew rate limit,metadata
控制分配/机架几何,CA_SV6_SLEW,0.0,,,,s,Geometry,Servo 6 slew rate limit,metadata
控制分配/机架几何,CA_SV7_SLEW,0.0,,,,s,Geometry,Servo 7 slew rate limit,metadata
故障检测控制约束,FD_ACT_EN,1,,,,,Failure Detector,Enable Actuator Failure check,metadata
故障检测控制约束,FD_ACT_MOT_C2T,2.0,,,,A/%,Failure Detector,Motor Failure Current/Throttle Threshold,metadata
故障检测控制约束,FD_ACT_MOT_THR,0.20000000298023224,,,,norm,Failure Detector,Motor Failure Throttle Threshold,metadata
故障检测控制约束,FD_ACT_MOT_TOUT,100,,,,ms,Failure Detector,Motor Failure Time Threshold,metadata
故障检测控制约束,FD_ESCS_EN,1,,,,,Failure Detector,Enable checks on ESCs that report their arming state,metadata
故障检测控制约束,FD_EXT_ATS_EN,0,,,,,Failure Detector,Enable PWM input on for engaging failsafe from an external automatic trigger system (ATS),metadata
故障检测控制约束,FD_EXT_ATS_TRIG,1900,,,,us,Failure Detector,The PWM threshold from external automatic trigger system for engaging failsafe,metadata
故障检测控制约束,FD_FAIL_P,80,60,60,yes,deg,Failure Detector,FailureDetector Max Pitch,metadata
故障检测控制约束,FD_FAIL_P_TTRI,0.30000001192092896,,,,s,Failure Detector,Pitch failure trigger time,metadata
故障检测控制约束,FD_FAIL_R,80,60,60,yes,deg,Failure Detector,FailureDetector Max Roll,metadata
故障检测控制约束,FD_FAIL_R_TTRI,0.30000001192092896,,,,s,Failure Detector,Roll failure trigger time,metadata
故障检测控制约束,FD_IMB_PROP_THR,30,,,,,Failure Detector,Imbalanced propeller check threshold,metadata
精准降落控制,PLD_BTOUT,5.0,,,,s,Precision Land,Landing Target Timeout,metadata
精准降落控制,PLD_FAPPR_ALT,0.10000000149011612,,,,m,Precision Land,Final approach altitude,metadata
精准降落控制,PLD_HACC_RAD,0.20000000298023224,,,,m,Precision Land,Horizontal acceptance radius,metadata
精准降落控制,PLD_MAX_SRCH,3,,,,,Precision Land,Maximum number of search attempts,metadata
精准降落控制,PLD_SRCH_ALT,10.0,,,,m,Precision Land,Search altitude,metadata
精准降落控制,PLD_SRCH_TOUT,10.0,,,,s,Precision Land,Search timeout,metadata
遥控/手动输入,MAN_ARM_GESTURE,1,,,,,Manual Control,Enable arm/disarm stick gesture,metadata
遥控/手动输入,MAN_KILL_GEST_T,-1.0,,,,s,Manual Control,Trigger time for kill stick gesture,metadata
遥控/手动输入,RC10_DZ,0.0,,,,,Radio Calibration,RC channel 10 dead zone,metadata
遥控/手动输入,RC10_MAX,2000.0,,,,us,Radio Calibration,RC channel 10 maximum,metadata
遥控/手动输入,RC10_MIN,1000.0,,,,us,Radio Calibration,RC channel 10 minimum,metadata
遥控/手动输入,RC10_REV,1.0,,,,,Radio Calibration,RC channel 10 reverse,metadata
遥控/手动输入,RC10_TRIM,1500.0,,,,us,Radio Calibration,RC channel 10 trim,metadata
遥控/手动输入,RC11_DZ,0.0,,,,,Radio Calibration,RC channel 11 dead zone,metadata
遥控/手动输入,RC11_MAX,2000.0,,,,us,Radio Calibration,RC channel 11 maximum,metadata
遥控/手动输入,RC11_MIN,1000.0,,,,us,Radio Calibration,RC channel 11 minimum,metadata
遥控/手动输入,RC11_REV,1.0,,,,,Radio Calibration,RC channel 11 reverse,metadata
遥控/手动输入,RC11_TRIM,1500.0,,,,us,Radio Calibration,RC channel 11 trim,metadata
遥控/手动输入,RC12_DZ,0.0,,,,,Radio Calibration,RC channel 12 dead zone,metadata
遥控/手动输入,RC12_MAX,2000.0,,,,us,Radio Calibration,RC channel 12 maximum,metadata
遥控/手动输入,RC12_MIN,1000.0,,,,us,Radio Calibration,RC channel 12 minimum,metadata
遥控/手动输入,RC12_REV,1.0,,,,,Radio Calibration,RC channel 12 reverse,metadata
遥控/手动输入,RC12_TRIM,1500.0,,,,us,Radio Calibration,RC channel 12 trim,metadata
遥控/手动输入,RC13_DZ,0.0,,,,,Radio Calibration,RC channel 13 dead zone,metadata
遥控/手动输入,RC13_MAX,2000.0,,,,us,Radio Calibration,RC channel 13 maximum,metadata
遥控/手动输入,RC13_MIN,1000.0,,,,us,Radio Calibration,RC channel 13 minimum,metadata
遥控/手动输入,RC13_REV,1.0,,,,,Radio Calibration,RC channel 13 reverse,metadata
遥控/手动输入,RC13_TRIM,1500.0,,,,us,Radio Calibration,RC channel 13 trim,metadata
遥控/手动输入,RC14_DZ,0.0,,,,,Radio Calibration,RC channel 14 dead zone,metadata
遥控/手动输入,RC14_MAX,2000.0,,,,us,Radio Calibration,RC channel 14 maximum,metadata
遥控/手动输入,RC14_MIN,1000.0,,,,us,Radio Calibration,RC channel 14 minimum,metadata
遥控/手动输入,RC14_REV,1.0,,,,,Radio Calibration,RC channel 14 reverse,metadata
遥控/手动输入,RC14_TRIM,1500.0,,,,us,Radio Calibration,RC channel 14 trim,metadata
遥控/手动输入,RC15_DZ,0.0,,,,,Radio Calibration,RC channel 15 dead zone,metadata
遥控/手动输入,RC15_MAX,2000.0,,,,us,Radio Calibration,RC channel 15 maximum,metadata
遥控/手动输入,RC15_MIN,1000.0,,,,us,Radio Calibration,RC channel 15 minimum,metadata
遥控/手动输入,RC15_REV,1.0,,,,,Radio Calibration,RC channel 15 reverse,metadata
遥控/手动输入,RC15_TRIM,1500.0,,,,us,Radio Calibration,RC channel 15 trim,metadata
遥控/手动输入,RC16_DZ,0.0,,,,,Radio Calibration,RC channel 16 dead zone,metadata
遥控/手动输入,RC16_MAX,2000.0,,,,us,Radio Calibration,RC channel 16 maximum,metadata
遥控/手动输入,RC16_MIN,1000.0,,,,us,Radio Calibration,RC channel 16 minimum,metadata
遥控/手动输入,RC16_REV,1.0,,,,,Radio Calibration,RC channel 16 reverse,metadata
遥控/手动输入,RC16_TRIM,1500.0,,,,us,Radio Calibration,RC channel 16 trim,metadata
遥控/手动输入,RC17_DZ,0.0,,,,,Radio Calibration,RC channel 17 dead zone,metadata
遥控/手动输入,RC17_MAX,2000.0,,,,us,Radio Calibration,RC channel 17 maximum,metadata
遥控/手动输入,RC17_MIN,1000.0,,,,us,Radio Calibration,RC channel 17 minimum,metadata
遥控/手动输入,RC17_REV,1.0,,,,,Radio Calibration,RC channel 17 reverse,metadata
遥控/手动输入,RC17_TRIM,1500.0,,,,us,Radio Calibration,RC channel 17 trim,metadata
遥控/手动输入,RC18_DZ,0.0,,,,,Radio Calibration,RC channel 18 dead zone,metadata
遥控/手动输入,RC18_MAX,2000.0,,,,us,Radio Calibration,RC channel 18 maximum,metadata
遥控/手动输入,RC18_MIN,1000.0,,,,us,Radio Calibration,RC channel 18 minimum,metadata
遥控/手动输入,RC18_REV,1.0,,,,,Radio Calibration,RC channel 18 reverse,metadata
遥控/手动输入,RC18_TRIM,1500.0,,,,us,Radio Calibration,RC channel 18 trim,metadata
遥控/手动输入,RC1_DZ,10.0,,,,us,Radio Calibration,RC channel 1 dead zone,metadata
遥控/手动输入,RC1_MAX,1933.0,2000.0,2000.0,yes,us,Radio Calibration,RC channel 1 maximum,metadata
遥控/手动输入,RC1_MIN,1094.0,1000.0,1000.0,yes,us,Radio Calibration,RC channel 1 minimum,metadata
遥控/手动输入,RC1_REV,1.0,,,,,Radio Calibration,RC channel 1 reverse,metadata
遥控/手动输入,RC1_TRIM,1514.0,1500.0,1500.0,yes,us,Radio Calibration,RC channel 1 trim,metadata
遥控/手动输入,RC2_DZ,10.0,,,,us,Radio Calibration,RC channel 2 dead zone,metadata
遥控/手动输入,RC2_MAX,1933.0,2000.0,2000.0,yes,us,Radio Calibration,RC channel 2 maximum,metadata
遥控/手动输入,RC2_MIN,1094.0,1000.0,1000.0,yes,us,Radio Calibration,RC channel 2 minimum,metadata
遥控/手动输入,RC2_REV,-1.0,1.0,1.0,yes,,Radio Calibration,RC channel 2 reverse,metadata
遥控/手动输入,RC2_TRIM,1514.0,1500.0,1500.0,yes,us,Radio Calibration,RC channel 2 trim,metadata
遥控/手动输入,RC3_DZ,10.0,,,,us,Radio Calibration,RC channel 3 dead zone,metadata
遥控/手动输入,RC3_MAX,1927.0,2000.0,2000.0,yes,us,Radio Calibration,RC channel 3 maximum,metadata
遥控/手动输入,RC3_MIN,1094.0,1000.0,1000.0,yes,us,Radio Calibration,RC channel 3 minimum,metadata
遥控/手动输入,RC3_REV,1.0,,,,,Radio Calibration,RC channel 3 reverse,metadata
遥控/手动输入,RC3_TRIM,1094.0,1500.0,1500.0,yes,us,Radio Calibration,RC channel 3 trim,metadata
遥控/手动输入,RC4_DZ,10.0,,,,us,Radio Calibration,RC channel 4 dead zone,metadata
遥控/手动输入,RC4_MAX,1933.0,2000.0,2000.0,yes,us,Radio Calibration,RC channel 4 maximum,metadata
遥控/手动输入,RC4_MIN,1094.0,1000.0,1000.0,yes,us,Radio Calibration,RC channel 4 minimum,metadata
遥控/手动输入,RC4_REV,1.0,,,,,Radio Calibration,RC channel 4 reverse,metadata
遥控/手动输入,RC4_TRIM,1514.0,1500.0,1500.0,yes,us,Radio Calibration,RC channel 4 trim,metadata
遥控/手动输入,RC5_DZ,10.0,,,,,Radio Calibration,RC channel 5 dead zone,metadata
遥控/手动输入,RC5_MAX,2000.0,,,,us,Radio Calibration,RC channel 5 maximum,metadata
遥控/手动输入,RC5_MIN,1000.0,,,,us,Radio Calibration,RC channel 5 minimum,metadata
遥控/手动输入,RC5_REV,1.0,,,,,Radio Calibration,RC channel 5 reverse,metadata
遥控/手动输入,RC5_TRIM,1500.0,,,,us,Radio Calibration,RC channel 5 trim,metadata
遥控/手动输入,RC6_DZ,10.0,,,,,Radio Calibration,RC channel 6 dead zone,metadata
遥控/手动输入,RC6_MAX,2000.0,,,,us,Radio Calibration,RC channel 6 maximum,metadata
遥控/手动输入,RC6_MIN,1000.0,,,,us,Radio Calibration,RC channel 6 minimum,metadata
遥控/手动输入,RC6_REV,1.0,,,,,Radio Calibration,RC channel 6 reverse,metadata
遥控/手动输入,RC6_TRIM,1500.0,,,,us,Radio Calibration,RC channel 6 trim,metadata
遥控/手动输入,RC7_DZ,10.0,,,,,Radio Calibration,RC channel 7 dead zone,metadata
遥控/手动输入,RC7_MAX,2000.0,,,,us,Radio Calibration,RC channel 7 maximum,metadata
遥控/手动输入,RC7_MIN,1000.0,,,,us,Radio Calibration,RC channel 7 minimum,metadata
遥控/手动输入,RC7_REV,1.0,,,,,Radio Calibration,RC channel 7 reverse,metadata
遥控/手动输入,RC7_TRIM,1500.0,,,,us,Radio Calibration,RC channel 7 trim,metadata
遥控/手动输入,RC8_DZ,10.0,,,,,Radio Calibration,RC channel 8 dead zone,metadata
遥控/手动输入,RC8_MAX,2000.0,,,,us,Radio Calibration,RC channel 8 maximum,metadata
遥控/手动输入,RC8_MIN,1000.0,,,,us,Radio Calibration,RC channel 8 minimum,metadata
遥控/手动输入,RC8_REV,1.0,,,,,Radio Calibration,RC channel 8 reverse,metadata
遥控/手动输入,RC8_TRIM,1500.0,,,,us,Radio Calibration,RC channel 8 trim,metadata
遥控/手动输入,RC9_DZ,0.0,,,,,Radio Calibration,RC channel 9 dead zone,metadata
遥控/手动输入,RC9_MAX,2000.0,,,,us,Radio Calibration,RC channel 9 maximum,metadata
遥控/手动输入,RC9_MIN,1000.0,,,,us,Radio Calibration,RC channel 9 minimum,metadata
遥控/手动输入,RC9_REV,1.0,,,,,Radio Calibration,RC channel 9 reverse,metadata
遥控/手动输入,RC9_TRIM,1500.0,,,,us,Radio Calibration,RC channel 9 trim,metadata
遥控/手动输入,RC_ARMSWITCH_TH,0.75,,,,,Radio Switches,Threshold for the arm switch,metadata
遥控/手动输入,RC_CHAN_CNT,18,0,0,yes,,Radio Calibration,RC channel count,metadata
遥控/手动输入,RC_ENG_MOT_TH,0.75,,,,,Radio Switches,Threshold for selecting main motor engage,metadata
遥控/手动输入,RC_FAILS_THR,0,,,,us,Radio Calibration,Failsafe channel PWM threshold,metadata
遥控/手动输入,RC_GEAR_TH,0.75,,,,,Radio Switches,Threshold for the landing gear switch,metadata
遥控/手动输入,RC_INPUT_PROTO,2,-1,-1,yes,,RC Input,RC input protocol,metadata
遥控/手动输入,RC_KILLSWITCH_TH,0.75,,,,,Radio Switches,Threshold for the kill switch,metadata
遥控/手动输入,RC_LOITER_TH,0.75,,,,,Radio Switches,Threshold for selecting loiter mode,metadata
遥控/手动输入,RC_MAP_ARM_SW,0,,,,,Radio Switches,Arm switch channel,metadata
遥控/手动输入,RC_MAP_AUX1,0,,,,,Radio Calibration,AUX1 Passthrough RC channel,metadata
遥控/手动输入,RC_MAP_AUX2,0,,,,,Radio Calibration,AUX2 Passthrough RC channel,metadata
遥控/手动输入,RC_MAP_AUX3,0,,,,,Radio Calibration,AUX3 Passthrough RC channel,metadata
遥控/手动输入,RC_MAP_AUX4,0,,,,,Radio Calibration,AUX4 Passthrough RC channel,metadata
遥控/手动输入,RC_MAP_AUX5,0,,,,,Radio Calibration,AUX5 Passthrough RC channel,metadata
遥控/手动输入,RC_MAP_AUX6,0,,,,,Radio Calibration,AUX6 Passthrough RC channel,metadata
遥控/手动输入,RC_MAP_ENG_MOT,0,,,,,Radio Calibration,RC channel to engage the main motor (for helicopters),metadata
遥控/手动输入,RC_MAP_FAILSAFE,0,,,,,Radio Calibration,Failsafe channel mapping,metadata
遥控/手动输入,RC_MAP_FLAPS,0,,,,,Radio Switches,Flaps channel,metadata
遥控/手动输入,RC_MAP_FLTMODE,0,,,,,Radio Switches,Single channel flight mode selection,metadata
遥控/手动输入,RC_MAP_FLTM_BTN,0,,,,,Radio Switches,Button flight mode selection,metadata
遥控/手动输入,RC_MAP_GEAR_SW,0,,,,,Radio Switches,Landing gear switch channel,metadata
遥控/手动输入,RC_MAP_KILL_SW,0,,,,,Radio Switches,Emergency Kill switch channel,metadata
遥控/手动输入,RC_MAP_LOITER_SW,0,,,,,Radio Switches,Loiter switch channel,metadata
遥控/手动输入,RC_MAP_MODE_SW,0,,,,,Radio Switches,Mode switch channel mapping (deprecated),metadata
遥控/手动输入,RC_MAP_OFFB_SW,0,,,,,Radio Switches,Offboard switch channel,metadata
遥控/手动输入,RC_MAP_PARAM1,0,,,,,Radio Calibration,PARAM1 tuning channel,metadata
遥控/手动输入,RC_MAP_PARAM2,0,,,,,Radio Calibration,PARAM2 tuning channel,metadata
遥控/手动输入,RC_MAP_PARAM3,0,,,,,Radio Calibration,PARAM3 tuning channel,metadata
遥控/手动输入,RC_MAP_PAY_SW,0,,,,,Radio Switches,Payload Power Switch RC channel,metadata
遥控/手动输入,RC_MAP_PITCH,2,0,0,yes,,Radio Calibration,Pitch control channel mapping,metadata
遥控/手动输入,RC_MAP_RETURN_SW,0,,,,,Radio Switches,Return switch channel,metadata
遥控/手动输入,RC_MAP_ROLL,1,0,0,yes,,Radio Calibration,Roll control channel mapping,metadata
遥控/手动输入,RC_MAP_THROTTLE,3,0,0,yes,,Radio Calibration,Throttle control channel mapping,metadata
遥控/手动输入,RC_MAP_TRANS_SW,0,,,,,Radio Switches,VTOL transition switch channel mapping,metadata
遥控/手动输入,RC_MAP_YAW,4,0,0,yes,,Radio Calibration,Yaw control channel mapping,metadata
遥控/手动输入,RC_OFFB_TH,0.75,,,,,Radio Switches,Threshold for selecting offboard mode,metadata
遥控/手动输入,RC_PAYLOAD_MIDTH,0.25,,,,,Radio Switches,Threshold for mid position of payload power switch,metadata
遥控/手动输入,RC_PAYLOAD_TH,0.75,,,,,Radio Switches,Threshold for on position of payload power switch,metadata
遥控/手动输入,RC_PORT_CONFIG,0,,,,,Serial,Serial Configuration for RC Input Driver,metadata
遥控/手动输入,RC_RETURN_TH,0.75,,,,,Radio Switches,Threshold for selecting return to launch mode,metadata
遥控/手动输入,RC_RSSI_PWM_CHAN,0,,,,,Radio Calibration,PWM input channel that provides RSSI,metadata
遥控/手动输入,RC_RSSI_PWM_MAX,2000,,,,,Radio Calibration,Max input value for RSSI reading,metadata
遥控/手动输入,RC_RSSI_PWM_MIN,1000,,,,,Radio Calibration,Min input value for RSSI reading,metadata
遥控/手动输入,RC_TRANS_TH,0.75,,,,,Radio Switches,Threshold for the VTOL transition switch,metadata
降落检测/着陆控制,LNDMC_ALT_GND,2.0,,,,m,Land Detector,Ground effect altitude for multicopters,metadata
降落检测/着陆控制,LNDMC_ROT_MAX,20.0,,,,deg/s,Land Detector,Multicopter max rotational speed,metadata
降落检测/着陆控制,LNDMC_TRIG_TIME,1.0,,,,s,Land Detector,Multicopter land detection trigger time,metadata
降落检测/着陆控制,LNDMC_XY_VEL_MAX,1.5,,,,m/s,Land Detector,Multicopter max horizontal velocity,metadata
降落检测/着陆控制,LNDMC_Z_VEL_MAX,0.25,,,,m/s,Land Detector,Multicopter vertical velocity threshold,metadata
降落检测/着陆控制,LND_FLIGHT_T_HI,2,,,,,Land Detector,Total flight time in microseconds,metadata
降落检测/着陆控制,LND_FLIGHT_T_LO,-1103393143,,,,,Land Detector,Total flight time in microseconds,metadata
