parameter,current_value,current_setup_default
BAT1_N_CELLS,6,0
BAT1_V_CHARGED,4.199999809265137,4.050000190734863
CAL_ACC0_ID,2818058,0
CAL_ACC0_PRIO,50,-1
CAL_ACC1_ID,3014674,0
CAL_ACC1_PRIO,50,-1
CAL_BARO0_ID,7274530,0
CAL_BARO0_PRIO,50,-1
CAL_BARO1_ID,12084001,0
CAL_BARO1_PRIO,50,-1
CAL_GYRO0_ID,2818058,0
CAL_GYRO0_PRIO,50,-1
CAL_GYRO1_ID,3014674,0
CAL_GYRO1_PRIO,50,-1
CAL_MAG0_ID,925209,0
CAL_MAG0_PRIO,0,-1
CAL_MAG1_ID,8944899,0
CAL_MAG1_PRIO,75,-1
CAL_MAG1_ROT,34,-1
CAL_MAG2_ID,8944643,0
CAL_MAG2_PRIO,75,-1
CAL_MAG3_ID,8944899,0
CAL_MAG3_PRIO,75,-1
COM_RC_IN_MODE,1,3
COM_RC_LOSS_T,3.0,0.5
CRDZ_ACT_AUX,-1,3
CRDZ_ACT_BTN,0,-1
DYTG_ACT_AUX,-1,1
DYTG_ACT_BTN,2,-1
DYTG_AUTO_EN,1,0
DYTG_AUTO_N,3,5
DYTG_COOP_EN,1,0
DYTG_FCONE,40.0,35.0
DYTG_KA_FOL,0.5,1.2000000476837158
DYTG_KV_FOL,0.800000011920929,1.0
DYTG_LPF_A,0.699999988079071,0.6499999761581421
DYTG_MAXACC,8.0,4.0
DYTG_MAXAGE,0.20000000298023224,0.25
DYTG_MAXDZ,8.0,1.0
DYTG_MAXV,42.0,8.0
DYTG_MAXYAWR,120.0,30.0
DYTG_N_FOL,0.6000000238418579,2.0
DYTG_PREDMAX,0.029999999329447746,0.20000000298023224
DYTG_RELOCKN,10,3
DYTG_V_FOL,40.0,2.0
DYTG_XYDB,0.11999999731779099,0.20000000298023224
DYTG_XYFULL,0.8500000238418579,0.6000000238418579
DYTG_XYOVR_Z,0.6000000238418579,0.75
DYTG_XYROT_EN,1,0
DYTG_XYROT_MIN,0.15000000596046448,0.20000000298023224
DYTG_XYROT_W,0.800000011920929,1.0
DYTG_XYSLEW,15.0,3.0
DYTG_YAWLIM,30.0,25.0
DYTG_YAWLOS,0.11999999731779099,0.20000000298023224
DYTG_ZSCALE,0.3499999940395355,0.25
DYTG_ZXY_EN,1,0
DYTG_ZXY_FULL,0.800000011920929,0.699999988079071
DYTG_ZXY_MIN,0.3499999940395355,0.25
DYT_HOME_PIT,0.0,90.0
DYT_LOG_MS,500,0
DYT_RAWLOG,1,0
FD_FAIL_P,80,60
FD_FAIL_R,80,60
MAV_SYS_ID,2,1
MC_PITCHRATE_D,0.0,0.003000000026077032
MC_PITCHRATE_I,0.11999999731779099,0.20000000298023224
MC_PITCHRATE_MAX,180.0,220.0
MC_PITCHRATE_P,0.10000000149011612,0.15000000596046448
MC_PITCH_P,4.5,4.0
MC_ROLLRATE_D,0.0,0.003000000026077032
MC_ROLLRATE_I,0.11999999731779099,0.20000000298023224
MC_ROLLRATE_MAX,180.0,220.0
MC_ROLLRATE_P,0.10000000149011612,0.15000000596046448
MC_ROLL_P,4.5,4.0
MC_YAWRATE_MAX,90.0,200.0
MC_YAW_P,2.0,2.799999952316284
MPC_ACC_HOR,6.0,3.0
MPC_ACC_HOR_MAX,10.0,2.0
MPC_ACC_UP_MAX,7.0,4.0
MPC_JERK_AUTO,2.0,4.0
MPC_JERK_MAX,12.0,3.0
MPC_MAN_TILT_MAX,60.0,35.0
MPC_THR_HOVER,0.36000001430511475,0.5
MPC_TILTMAX_AIR,60.0,45.0
MPC_TILTMAX_LND,8.0,12.0
MPC_TKO_SPEED,3.0,1.5
MPC_VEL_MANUAL,3.0,10.0
MPC_XY_CRUISE,3.0,5.0
MPC_XY_P,1.100000023841858,0.949999988079071
MPC_XY_VEL_I_ACC,0.5,0.4000000059604645
MPC_XY_VEL_MAX,45.0,100.0
MPC_XY_VEL_P_ACC,2.0,1.7999999523162842
MPC_Z_VEL_MAX_DN,20.0,50.0
MPC_Z_VEL_MAX_UP,30.0,50.0
MPC_Z_V_AUTO_DN,3.0,1.5
MPC_Z_V_AUTO_UP,5.0,3.0
PWM_MAIN_FUNC1,101,0
PWM_MAIN_FUNC2,102,0
PWM_MAIN_FUNC3,103,0
PWM_MAIN_FUNC4,104,0
PWM_MAIN_MAX1,1900,2000
PWM_MAIN_MAX2,1900,2000
PWM_MAIN_MAX3,1900,2000
PWM_MAIN_MAX4,1900,2000
PWM_MAIN_MIN1,1100,1000
PWM_MAIN_MIN2,1100,1000
PWM_MAIN_MIN3,1100,1000
PWM_MAIN_MIN4,1100,1000
PWM_MAIN_TIM0,-4,400
RC1_MAX,1933.0,2000.0
RC1_MIN,1094.0,1000.0
RC1_TRIM,1514.0,1500.0
RC2_MAX,1933.0,2000.0
RC2_MIN,1094.0,1000.0
RC2_REV,-1.0,1.0
RC2_TRIM,1514.0,1500.0
RC3_MAX,1927.0,2000.0
RC3_MIN,1094.0,1000.0
RC3_TRIM,1094.0,1500.0
RC4_MAX,1933.0,2000.0
RC4_MIN,1094.0,1000.0
RC4_TRIM,1514.0,1500.0
RC_CHAN_CNT,18,0
RC_INPUT_PROTO,2,-1
RC_MAP_PITCH,2,0
RC_MAP_ROLL,1,0
RC_MAP_THROTTLE,3,0
RC_MAP_YAW,4,0
RTL_LAND_DELAY,-1.0,0.0
RTL_RETURN_ALT,35.0,30.0
SENS_BOARD_X_OFF,1.5204246044158936,0.0
SENS_BOARD_Y_OFF,-0.4978621304035187,0.0
SER_TEL1_BAUD,115200,57600
SYS_AUTOSTART,4001,0
